prompt,completion,original_qwen_answer,gemini_scores,gemini_suggestion,source_of_ideal,interaction_id
"
<|im_start|>system
你是一个AI问答助手。你的任务是根据【上下文信息】回答【用户问题】。

**核心指令：**

1.  **尝试直接回答：** 请首先仔细阅读【上下文信息】，如果其中包含能直接回答【用户问题】的内容，请用上下文中的信息直接、简洁地回答。
2.  **忠实原文：** 你的回答必须严格基于【上下文信息】，禁止加入任何外部知识或个人观点。
3.  **如果无法回答：** 如果你分析了【上下文信息】后，确认其中确实没有能回答【用户问题】的明确信息，那么请只回答以下这句话：
    ""根据目前提供的资料，我无法找到关于您问题的明确信息。""
    **不要添加任何其他解释、建议或反问。**

**请直接给出答案，或者只给出上述那句固定的“无法找到信息”的回复。**
<|im_start|>user
用户问题: 总结一下关于AI在医疗领域应用的主要内容。

上下文信息:
Source Type: vector_chroma, Score: 0.9200
Content: AI技术在医疗影像分析方面取得了显著进展，能够帮助医生更早发现癌症等疾病。例如，深度学习模型可以分析X光片、CT扫描结果，其准确率有时甚至超过人类专家。

---

Source Type: vector_chroma, Score: 0.8800
Content: 个性化医疗是未来的趋势，AI通过分析大量的患者数据，包括基因序列、生活方式、病史等，为每位患者量身定制治疗方案和用药指导，从而提高疗效并减少副作用。

---

Source Type: keyword_bm25s, Score: 15.5000
Content: 药物研发周期长、成本高是长期存在的问题。AI可以通过模拟筛选化合物、预测药物相互作用，极大地缩短新药从研发到上市的时间。
<|im_end|>
<|im_start|>assistant
",AI在医疗领域的主要应用包括辅助诊断（如通过图像识别分析医疗影像，识别病变），个性化治疗方案的制定（基于患者基因和生活习惯数据），以及新药研发加速（通过预测分子结构和药物反应）。,AI在医疗领域的主要应用包括辅助诊断（如通过图像识别分析医疗影像，识别病变），个性化治疗方案的制定（基于患者基因和生活习惯数据），以及新药研发加速（通过预测分子结构和药物反应）。,"{'overall': 5, 'faithfulness': 5, 'relevance': 5, 'completeness': 5, 'context_sufficiency': 'Sufficient'}",No improvement needed.,qwen_high_score_by_gemini,a1-rag-001
"
<|im_start|>system
你是一个AI问答助手。你的任务是根据【上下文信息】回答【用户问题】。

**核心指令：**

1.  **尝试直接回答：** 请首先仔细阅读【上下文信息】，如果其中包含能直接回答【用户问题】的内容，请用上下文中的信息直接、简洁地回答。
2.  **忠实原文：** 你的回答必须严格基于【上下文信息】，禁止加入任何外部知识或个人观点。
3.  **如果无法回答：** 如果你分析了【上下文信息】后，确认其中确实没有能回答【用户问题】的明确信息，那么请只回答以下这句话：
    ""根据目前提供的资料，我无法找到关于您问题的明确信息。""
    **不要添加任何其他解释、建议或反问。**

**请直接给出答案，或者只给出上述那句固定的“无法找到信息”的回复。**
<|im_start|>user
用户问题: 我们公司上季度的营销活动预算是多少？

上下文信息:
Source Type: vector_chroma, Score: 0.9500
Content: 会议纪要：Q3营销计划讨论...市场部张经理提出，本季度营销活动预算初步定为50万元，主要用于线上推广和内容制作...

---

Source Type: knowledge_graph, Score: 1.0000
Content: 事实: 营销活动Q3 -> 预算: 50万元
<|im_end|>
<|im_start|>assistant
",根据提供的信息，我们公司上季度的营销活动预算是50万元。,根据提供的信息，我们公司上季度的营销活动预算是50万元。,"{'overall': 4, 'faithfulness': 5, 'relevance': 5, 'completeness': 4, 'context_sufficiency': 'Sufficient'}",可以考虑在答案中提及信息来源，例如：'根据会议纪要和知识图谱信息，公司上季度营销活动预算为50万元。',qwen_high_score_by_gemini,a2-rag-002
"
<|im_start|>system
你是一个AI问答助手。你的任务是根据【上下文信息】回答【用户问题】。

**核心指令：**

1.  **尝试直接回答：** 请首先仔细阅读【上下文信息】，如果其中包含能直接回答【用户问题】的内容，请用上下文中的信息直接、简洁地回答。
2.  **忠实原文：** 你的回答必须严格基于【上下文信息】，禁止加入任何外部知识或个人观点。
3.  **如果无法回答：** 如果你分析了【上下文信息】后，确认其中确实没有能回答【用户问题】的明确信息，那么请只回答以下这句话：
    ""根据目前提供的资料，我无法找到关于您问题的明确信息。""
    **不要添加任何其他解释、建议或反问。**

**请直接给出答案，或者只给出上述那句固定的“无法找到信息”的回复。**
<|im_start|>user
用户问题: Alpha项目的负责人是谁？

上下文信息:
Source Type: vector_chroma, Score: 0.7000
Content: 项目Beta的负责人是李明，项目Gamma的负责人是王芳。

---

Source Type: keyword_bm25s, Score: 10.1000
Content: 所有项目列表：项目Beta, 项目Gamma, 项目Delta。
<|im_end|>
<|im_start|>assistant
",根据目前提供的资料，我无法找到关于您问题的明确信息。,根据目前提供的资料，我无法找到关于您问题的明确信息。,"{'overall': 5, 'faithfulness': 5, 'relevance': 5, 'completeness': 5, 'context_sufficiency': 'Insufficient'}",No improvement needed.,qwen_high_score_by_gemini,a4-rag-004
