prompt,completion,original_qwen_cypher,gemini_score,source_of_ideal,interaction_id
"<|im_start|>system
你是顶级Neo4j Cypher查询生成专家... (省略完整Schema和指令) ...【知识图谱Schema描述】
:ExtractedEntity {text: STRING, label: STRING (PERSON, ORGANIZATION, TASK)}
(:ExtractedEntity {label:""PERSON""})-[:WORKS_AT]->(:ExtractedEntity {label:""ORGANIZATION""})
(:ExtractedEntity {label:""TASK""})-[:ASSIGNED_TO]->(:ExtractedEntity {label:""PERSON""})
... (省略示例) ...现在，请根据以下用户问题和上述Schema及规则生成Cypher查询。
<|im_end|>
<|im_start|>user
用户问题: 张三在哪里工作？
<|im_end|>
<|im_start|>assistant
","MATCH (p:ExtractedEntity {text: '张三', label: 'PERSON'})-[:WORKS_AT]->(org:ExtractedEntity {label: 'ORGANIZATION'}) RETURN org.text AS organizationName","MATCH (p:ExtractedEntity {text: '张三', label: 'PERSON'})-[:WORKS_AT]->(org:ExtractedEntity {label: 'ORGANIZATION'}) RETURN org.text AS organizationName",5,qwen_high_score_by_gemini,c1-rag-001
"<|im_start|>system
你是顶级Neo4j Cypher查询生成专家... (同上) ...
<|im_end|>
<|im_start|>user
用户问题: 李四负责了哪些任务，并且这些任务的负责人是谁？
<|im_end|>
<|im_start|>assistant
","为了更准确地回答，查询应该确保只返回李四作为负责人的任务。可以考虑修改为：MATCH (task:ExtractedEntity {label: 'TASK'})-[:ASSIGNED_TO]->(p:ExtractedEntity {text: '李四', label: 'PERSON'}) RETURN task.text AS taskName, p.text AS assigneeName","MATCH (task:ExtractedEntity {label: 'TASK'})-[:ASSIGNED_TO]->(p:ExtractedEntity {text: '李四', label: 'PERSON'}), (task)-[:ASSIGNED_TO]->(assignee:ExtractedEntity {label: 'PERSON'}) RETURN task.text AS taskName, assignee.text AS assigneeName",3,gemini_suggestion_for_review,c2-rag-002
"<|im_start|>system
你是顶级Neo4j Cypher查询生成专家... (同上) ...
<|im_end|>
<|im_start|>user
用户问题: 项目Alpha的状态是什么？
<|im_end|>
<|im_start|>assistant
",无法生成Cypher查询.,MATCH (t:Task {name: '项目Alpha'}) RETURN t.status,1,gemini_explicitly_cannot_generate_or_qwen_low_quality,c3-rag-003
"<|im_start|>system
你是顶级Neo4j Cypher查询生成专家... (同上) ...
<|im_end|>
<|im_start|>user
用户问题: 王五的直属上级是谁？
<|im_end|>
<|im_start|>assistant
",无法生成Cypher查询.,无法生成Cypher查询.,5,qwen_and_gemini_cannot_generate,c4-rag-004
"<|im_start|>system
你是顶级Neo4j Cypher查询生成专家... (同上) ...
<|im_end|>
<|im_start|>user
用户问题: 数据库中有多少人？
<|im_end|>
<|im_start|>assistant
",无法生成Cypher查询.,无法生成Cypher查询.,1,qwen_and_gemini_cannot_generate,c6-rag-006
